Wavelength_nm,SENS-i_lab_F1_CL100_D,SENS-i_lab_F2_CL100_D,SENS-i_lab_F3_CL100_D,SENS-i_lab_L1_WL100_D,SENS-i_lab_L2_WL100_D,SENS-i_lab_L3_WL100_D,SENS-i_lab_I1_WL100_D,SENS-i_lab_I2_WL100_D,SENS-i_lab_I3_WL100_D,SENS-i_lab_L1_WL100_C,SENS-i_lab_L2_WL100_C,SENS-i_lab_L3_WL100_C,SENS-i_lab_L1_WL50_C,SENS-i_lab_L2_WL50_C,SENS-i_lab_L3_WL50_C,SENS-i_lab_L1_NL100_C,SENS-i_lab_L2_NL100_C,SENS-i_lab_L3_NL100_C,SENS-i_lab_L1_NL50_C,SENS-i_lab_L2_NL50_C,SENS-i_lab_L3_NL50_C,SENS-i_lab_L1_CL100_C,SENS-i_lab_L2_CL100_C,SENS-i_lab_L3_CL100_C,SENS-i_lab_L1_CL50_C,SENS-i_lab_L2_CL50_C,SENS-i_lab_L3_CL50_C
380,1.30623E-05,9.7373E-06,8.21645E-06,0,4.4747E-06,8.20617E-06,2.93651E-05,2.82803E-05,3.39674E-05,1.78803E-06,1.39699E-05,1.94338E-05,4.88697E-06,8.04731E-06,7.41699E-06,7.80299E-06,1.0529E-05,9.50599E-06,3.6484E-06,1.86965E-05,1.6988E-05,2.27795E-05,2.10129E-05,2.55746E-05,1.14912E-05,1.41181E-05,1.69819E-05
385,1.36616E-05,4.87985E-06,2.41547E-06,0,4.72908E-06,1.02713E-05,3.17001E-05,3.03749E-05,3.76248E-05,1.23251E-06,1.37299E-05,1.78172E-05,5.05581E-06,8.46414E-06,7.00333E-06,7.75343E-06,1.20597E-05,1.05511E-05,4.02232E-06,1.78018E-05,1.66304E-05,2.42506E-05,2.26804E-05,2.3239E-05,1.08762E-05,1.28443E-05,1.60011E-05
390,2.46223E-05,1.9578E-05,1.7621E-05,0,4.2018E-06,9.44247E-06,3.72173E-05,3.37843E-05,4.24655E-05,2.51122E-06,1.37062E-05,1.64362E-05,4.36201E-06,6.78412E-06,5.23216E-06,1.31933E-05,1.36312E-05,1.20766E-05,2.74186E-06,1.50537E-05,1.50499E-05,2.45082E-05,2.22646E-05,2.13264E-05,9.5457E-06,1.03017E-05,1.35579E-05
395,4.72638E-05,4.45041E-05,4.51816E-05,0,3.42907E-06,4.12668E-06,4.55483E-05,4.13121E-05,4.93094E-05,4.4514E-06,1.45955E-05,1.6109E-05,3.31424E-06,4.04275E-06,3.15824E-06,1.90805E-05,1.55049E-05,1.35173E-05,7.72773E-07,1.19768E-05,1.28325E-05,2.17079E-05,2.12059E-05,1.9943E-05,8.05306E-06,8.34806E-06,1.08012E-05
400,7.59452E-05,6.87973E-05,7.19229E-05,0,2.49637E-06,2.45587E-06,5.71818E-05,5.4879E-05,6.02123E-05,6.65779E-06,1.66222E-05,1.70693E-05,1.36119E-06,1.62075E-06,1.70878E-06,1.78001E-05,1.73481E-05,1.4865E-05,1.0903E-08,1.0135E-05,1.07285E-05,1.97627E-05,2.30985E-05,1.98551E-05,6.63338E-06,7.08791E-06,8.31692E-06
405,9.84791E-05,8.83758E-05,9.22372E-05,0,2.55575E-06,4.14219E-06,7.19122E-05,7.16848E-05,7.39842E-05,9.30114E-06,1.78421E-05,1.92408E-05,2.39198E-07,9.0618E-07,1.83267E-06,1.14369E-05,1.87477E-05,1.57617E-05,0,9.97957E-06,1.0116E-05,2.06141E-05,2.38813E-05,2.18755E-05,6.47102E-06,6.82523E-06,7.20303E-06
410,0.000102165,9.4017E-05,9.69368E-05,0,3.89552E-06,5.03084E-06,8.80508E-05,8.9258E-05,8.92579E-05,1.09374E-05,1.84923E-05,2.18645E-05,8.64679E-07,2.22397E-06,3.67832E-06,1.89284E-05,2.04306E-05,1.61321E-05,1.8645E-07,1.1355E-05,1.1393E-05,2.40446E-05,2.3754E-05,2.5001E-05,8.48233E-06,8.89269E-06,8.78668E-06
415,0.000107061,0.000102486,0.000104017,6.5131E-08,6.13551E-06,6.93353E-06,0.000106292,0.000107125,0.000106443,1.38365E-05,2.18289E-05,2.68155E-05,3.08725E-06,4.8931E-06,6.29461E-06,2.56853E-05,2.4593E-05,2.03621E-05,2.77524E-06,1.4215E-05,1.4348E-05,3.24911E-05,3.06137E-05,3.23933E-05,1.26282E-05,1.34455E-05,1.31723E-05
420,0.000127704,0.00012578,0.000126447,2.90143E-06,1.03632E-05,1.11085E-05,0.000124534,0.00012361,0.000123867,2.26082E-05,3.07778E-05,3.66413E-05,8.45887E-06,1.01031E-05,1.10138E-05,3.73933E-05,3.56637E-05,3.30262E-05,9.85693E-06,2.00223E-05,2.01318E-05,5.20767E-05,5.00715E-05,5.08379E-05,2.11525E-05,2.25205E-05,2.22681E-05
425,0.00019411,0.000193432,0.000194176,1.23173E-05,1.8943E-05,1.91649E-05,0.000140002,0.00013747,0.000138769,4.36912E-05,5.02725E-05,5.67686E-05,2.01708E-05,2.10263E-05,2.17434E-05,6.71679E-05,6.34891E-05,6.22193E-05,2.57791E-05,3.41372E-05,3.42669E-05,9.51625E-05,9.38069E-05,9.32812E-05,4.1814E-05,4.38105E-05,4.36586E-05
430,0.000386355,0.000388256,0.000388448,2.9221E-05,3.42275E-05,3.38534E-05,0.000152776,0.00014969,0.000151588,8.50102E-05,8.96344E-05,9.54329E-05,4.24667E-05,4.22353E-05,4.317E-05,0.000129814,0.000126112,0.000124018,5.95456E-05,6.57167E-05,6.60637E-05,0.000185791,0.000185673,0.000183472,8.81032E-05,9.08573E-05,9.08679E-05
435,0.000560543,0.000561345,0.000561319,5.39578E-05,5.72493E-05,5.59878E-05,0.000164291,0.000162381,0.000164122,0.000148298,0.000152206,0.000155873,7.55255E-05,7.45693E-05,7.58526E-05,0.000239544,0.000236488,0.000233924,0.000117889,0.000121687,0.000122855,0.000348863,0.000349246,0.00034545,0.000172536,0.00017622,0.000176476
440,0.000531413,0.000531302,0.000530237,8.32463E-05,8.51751E-05,8.30757E-05,0.000176204,0.000176046,0.000175916,0.000222034,0.000225986,0.000227549,0.000113032,0.000111753,0.00011318,0.000387078,0.000383109,0.000382329,0.000195137,0.00019586,0.000198395,0.000576326,0.000576804,0.000571853,0.000289612,0.000294174,0.000294788
445,0.000381423,0.000382058,0.000381812,0.000109213,0.000110559,0.000108433,0.000188962,0.000189899,0.00018674,0.000284177,0.000288274,0.000288787,0.000143304,0.0001416,0.000143028,0.000532197,0.000526849,0.000528693,0.000269592,0.000267443,0.00027119,0.000810174,0.000811118,0.00080598,0.00040817,0.000413368,0.000414614
450,0.000322416,0.000322353,0.000324899,0.000123423,0.000125426,0.000124361,0.000201957,0.000203191,0.0001985,0.000313182,0.000316885,0.00031696,0.000155573,0.000153392,0.000154408,0.000623516,0.000617088,0.000620654,0.000314498,0.000310625,0.000314852,0.000968302,0.000969991,0.000966011,0.000485749,0.000491096,0.000492955
455,0.000317773,0.000316734,0.000320477,0.000121401,0.000125128,0.000125604,0.000214141,0.000215307,0.000211937,0.000296909,0.000300313,0.000299953,0.00014522,0.000143007,0.000143189,0.000622774,0.000615813,0.000620692,0.000312078,0.000307829,0.000311738,0.000987209,0.000989434,0.000987271,0.000490898,0.000495794,0.000497749
460,0.000296405,0.000295152,0.000299124,0.000105684,0.000111057,0.000112743,0.000226892,0.000227503,0.000226312,0.000244691,0.000248706,0.000247863,0.000118488,0.00011658,0.000116209,0.000533009,0.000526676,0.000532102,0.0002654,0.000261879,0.000265049,0.000861973,0.00086489,0.000863674,0.000423475,0.000427477,0.000429069
465,0.00027307,0.000272036,0.000275322,8.51491E-05,9.15356E-05,9.33598E-05,0.000241597,0.000241811,0.000241604,0.000185493,0.000190613,0.000189629,8.95628E-05,8.816E-05,8.79084E-05,0.000404909,0.000400419,0.000404834,0.000200352,0.000198352,0.000200734,0.000662116,0.00066508,0.000664106,0.000320995,0.000324125,0.000325327
470,0.000260429,0.000259806,0.000262025,6.89808E-05,7.56476E-05,7.67689E-05,0.000256776,0.000256714,0.000256469,0.000143342,0.000148783,0.000148201,6.9378E-05,6.88178E-05,6.88659E-05,0.000298289,0.00029501,0.000298248,0.000147121,0.000146484,0.000148388,0.000484923,0.000486987,0.000486405,0.000232922,0.000235552,0.000236511
475,0.000266038,0.000265512,0.000267615,6.06503E-05,6.70511E-05,6.7385E-05,0.000271459,0.000271133,0.000270136,0.00012282,0.000127045,0.000127614,5.96322E-05,5.97429E-05,6.00113E-05,0.000236653,0.000233557,0.000236761,0.000116905,0.000116915,0.000118516,0.000376941,0.000378154,0.000378012,0.000180988,0.000183291,0.000184086
480,0.000290769,0.000290708,0.000292599,5.97305E-05,6.50355E-05,6.51268E-05,0.000286207,0.000285865,0.000283923,0.000120239,0.000122175,0.000124629,5.83413E-05,5.84434E-05,5.90118E-05,0.000212054,0.000209494,0.000212306,0.000104781,0.000104996,0.000106148,0.000326532,0.000327411,0.000327662,0.000157878,0.000159677,0.000160432
485,0.000318037,0.000319045,0.000320565,6.57913E-05,6.91866E-05,6.94019E-05,0.000301056,0.000300705,0.000298654,0.000133409,0.000133536,0.000137108,6.47014E-05,6.44615E-05,6.52149E-05,0.000214834,0.000212856,0.000214519,0.000105997,0.000106086,0.000106947,0.000315455,0.000316211,0.000316554,0.000154282,0.000155567,0.000156215
490,0.000324441,0.00032643,0.000328344,7.75673E-05,7.87955E-05,7.88482E-05,0.000315797,0.000315071,0.000313506,0.000158567,0.000157887,0.000160829,7.72505E-05,7.66696E-05,7.72742E-05,0.000237155,0.000235111,0.000236174,0.00011727,0.000117154,0.000118046,0.000333444,0.00033382,0.000334167,0.000165043,0.000166078,0.000166713
495,0.000295065,0.000297181,0.000299306,9.28828E-05,9.2437E-05,9.191E-05,0.000330457,0.000329504,0.000327872,0.000191107,0.000189864,0.000191629,9.37942E-05,9.27735E-05,9.30508E-05,0.000270919,0.000268881,0.000270132,0.000134889,0.000134413,0.000135496,0.000370859,0.000370716,0.000370658,0.000184648,0.000185973,0.000186802
500,0.000238957,0.000240526,0.000242045,0.000109972,0.000108454,0.000107352,0.000345051,0.000344697,0.000341814,0.000227214,0.000225766,0.000226786,0.000112062,0.000110728,0.000110681,0.000309751,0.000307745,0.000309743,0.00015533,0.000154502,0.000155703,0.000417075,0.000416061,0.000415978,0.000207948,0.00021009,0.000211232
505,0.000188263,0.000188932,0.000189633,0.000127576,0.000125109,0.000123612,0.000358584,0.000358684,0.000355571,0.000262522,0.000261698,0.000262074,0.000130281,0.000128914,0.000128683,0.000348944,0.000346,0.000348971,0.000176067,0.000174645,0.00017592,0.000463029,0.000461881,0.000461256,0.000231365,0.000234426,0.00023569
510,0.000161667,0.000161653,0.000161878,0.000144204,0.000141243,0.000139344,0.000372573,0.000372125,0.000369872,0.000295901,0.000295491,0.000294993,0.000147296,0.000145896,0.000145496,0.00038596,0.000381008,0.000384589,0.000194759,0.000192794,0.000194431,0.000504113,0.000503826,0.000502203,0.000252429,0.000256028,0.000257428
515,0.00014283,0.000143358,0.000142763,0.000159354,0.000156601,0.000154038,0.000386765,0.000385729,0.000384284,0.000326396,0.000326022,0.000325162,0.000162893,0.000161162,0.000160911,0.000418139,0.000411562,0.000414847,0.000210778,0.000208179,0.000210357,0.000537941,0.000539018,0.000536359,0.000269954,0.000273588,0.000275181
520,0.000125631,0.00012658,0.00012613,0.000173259,0.000170843,0.000167892,0.00040124,0.000400072,0.000398432,0.00035378,0.000353657,0.000352467,0.00017722,0.000175018,0.000175062,0.000445446,0.000437305,0.000439855,0.000224493,0.00022131,0.000223686,0.00056477,0.000566533,0.00056347,0.000283869,0.000287617,0.000289287
525,0.000133366,0.000134368,0.000134391,0.000185908,0.000183433,0.000180396,0.000414992,0.00041446,0.000411798,0.000378693,0.000378408,0.000377069,0.000190061,0.000187334,0.000187664,0.000467457,0.000458715,0.000461253,0.000235958,0.000232239,0.000234353,0.000586078,0.000587419,0.000585167,0.000294402,0.000298533,0.000300154
530,0.00017886,0.000179367,0.000179739,0.000197146,0.000194308,0.000191159,0.000427527,0.000427501,0.000424317,0.000401547,0.00040014,0.000399333,0.000201344,0.000198116,0.000198651,0.00048458,0.000475757,0.000479001,0.000245264,0.000240886,0.000242907,0.000601535,0.000603099,0.000601006,0.000301814,0.00030629,0.000307992
535,0.000350738,0.000350799,0.000352364,0.00020677,0.000203439,0.000200113,0.000440195,0.000439865,0.000436142,0.000422644,0.000420394,0.000420409,0.000211677,0.000208023,0.000208626,0.000498017,0.000489417,0.000494052,0.000252856,0.000247999,0.000250253,0.000611914,0.000613883,0.00061237,0.000306717,0.000311348,0.000313463
540,0.000814837,0.000818711,0.00081999,0.000214707,0.000210961,0.000207294,0.000453633,0.000452861,0.000449682,0.000443129,0.000440729,0.000441048,0.000221682,0.000217901,0.000218369,0.000509639,0.000500794,0.000506625,0.000259145,0.000254215,0.000256625,0.000618758,0.000620528,0.000619043,0.00030996,0.000314356,0.00031662
545,0.00109358,0.001098865,0.001094933,0.000221004,0.000217138,0.000213439,0.000468908,0.00046719,0.000464755,0.000465383,0.00046216,0.000462195,0.000232415,0.00022839,0.000228741,0.000520831,0.00051149,0.00051816,0.000264919,0.000259757,0.000262393,0.000623104,0.00062379,0.000622548,0.000311468,0.000315835,0.000317943
550,0.000795733,0.000798529,0.000798194,0.000226974,0.000223007,0.000219175,0.000484246,0.000482675,0.000480196,0.000490837,0.000486122,0.000486642,0.000245215,0.000240805,0.000241032,0.000534104,0.000524996,0.000531483,0.00027195,0.000266016,0.000268486,0.000627587,0.00062733,0.000626089,0.000313101,0.000317589,0.000319448
555,0.000312189,0.000312764,0.00031384,0.000232831,0.000228777,0.000225012,0.000499551,0.000497874,0.000495622,0.000520531,0.000514885,0.000515407,0.000259939,0.000255114,0.00025518,0.000550578,0.000541415,0.000547824,0.000280049,0.000273792,0.000275791,0.000633177,0.000632389,0.000631074,0.000315485,0.000320074,0.000322015
560,0.000102455,0.000102446,0.000103647,0.000238256,0.000234315,0.00023085,0.000514249,0.000512184,0.000510138,0.000552659,0.000546085,0.000547179,0.000275613,0.000270733,0.00027038,0.000567665,0.000558212,0.000564537,0.000288542,0.000281937,0.000284267,0.00063803,0.000637544,0.000635798,0.000317847,0.000322737,0.000324594
565,4.04445E-05,3.7475E-05,3.90624E-05,0.000243638,0.000239553,0.000236233,0.000528682,0.000526983,0.000524741,0.00058497,0.000578097,0.000579268,0.000291517,0.000286614,0.000285632,0.000583517,0.000573436,0.000580063,0.000296109,0.000289463,0.000291966,0.000639472,0.000639761,0.000636919,0.000318662,0.000323521,0.000325468
570,5.75004E-05,5.67796E-05,5.67687E-05,0.000249943,0.000245952,0.000242753,0.000542899,0.000541012,0.000538496,0.000618061,0.00061172,0.000612428,0.000308172,0.000302962,0.000301877,0.000599085,0.000587943,0.000595435,0.000303489,0.000296875,0.000299765,0.000639173,0.000638883,0.00063668,0.00031863,0.000323258,0.000325474
575,0.000134522,0.000134019,0.000134126,0.000257408,0.000253702,0.000250525,0.000556754,0.000555484,0.000553343,0.000651734,0.000645972,0.000645674,0.000324947,0.000319519,0.000318801,0.000614256,0.000602238,0.000609739,0.000311007,0.000304264,0.00030732,0.000636611,0.000636423,0.000634458,0.00031787,0.000322455,0.000324614
580,0.00022146,0.000221523,0.000221519,0.00026639,0.000262821,0.000259818,0.00057087,0.000570439,0.000568608,0.00068545,0.000678998,0.000678481,0.000341669,0.000335693,0.000335327,0.000628307,0.000615545,0.000622959,0.000318057,0.000310993,0.000313983,0.000633251,0.000632813,0.000630763,0.000316013,0.000320611,0.000322716
585,0.000241521,0.000242045,0.000243664,0.000277048,0.000273317,0.000270378,0.000586653,0.000586502,0.000584357,0.000717915,0.000711103,0.000710277,0.000357735,0.000351334,0.000351111,0.000640784,0.000628019,0.000635076,0.00032435,0.00031718,0.000319685,0.000627778,0.000627606,0.00062535,0.000313454,0.000317866,0.000319674
590,0.000210981,0.000212805,0.000215079,0.000288416,0.000284972,0.000281726,0.000604487,0.000604096,0.00060204,0.000746599,0.000739945,0.000738829,0.000371787,0.00036516,0.000364974,0.000649538,0.000637242,0.000644265,0.000328696,0.000321377,0.000324181,0.000618952,0.000619154,0.000617034,0.000309136,0.000313327,0.000315295
595,0.000162065,0.000161175,0.000164683,0.000300589,0.000297051,0.000293488,0.000624713,0.000624452,0.000621096,0.000767785,0.000761252,0.000760632,0.000382453,0.000375861,0.000375576,0.000652202,0.000640918,0.000647668,0.000330132,0.000323287,0.00032603,0.00060549,0.000605445,0.000603496,0.000302515,0.000306389,0.000308474
600,0.00016013,0.000161726,0.000158551,0.000313936,0.000310194,0.000306304,0.000645474,0.000645346,0.000641559,0.000782943,0.000776593,0.000775525,0.000390176,0.00038321,0.000383131,0.000650336,0.000639796,0.000646772,0.000329334,0.000322721,0.000324857,0.000588575,0.000588258,0.000586127,0.000293749,0.000297218,0.000299172
605,0.000325965,0.000325838,0.000329255,0.000328078,0.000324386,0.000320251,0.000666942,0.000665968,0.000663014,0.000790047,0.000783973,0.000782656,0.000394492,0.000386926,0.000387114,0.000643326,0.000632233,0.000639627,0.000325968,0.000318972,0.000321236,0.000567572,0.00056648,0.000565072,0.000282757,0.000286267,0.000287647
610,0.000594436,0.00059634,0.000598657,0.000341955,0.000337889,0.000333653,0.000687735,0.000686815,0.000684495,0.000787104,0.000780734,0.000779497,0.000393425,0.000385566,0.000386127,0.000629252,0.000616991,0.000625174,0.000319047,0.000311608,0.000314069,0.000540503,0.000540211,0.000538099,0.000269174,0.000272877,0.000273841
615,0.000579956,0.000586197,0.000586759,0.000355091,0.000350546,0.000345856,0.000709352,0.000709082,0.000707187,0.000774504,0.000768244,0.000767176,0.000387766,0.00037994,0.000380502,0.000608113,0.000595776,0.000604554,0.000308615,0.000301021,0.000303442,0.000508581,0.000508594,0.000506831,0.000253313,0.00025698,0.000258306
620,0.000345683,0.000348702,0.000351089,0.000366677,0.000361487,0.000356717,0.000732284,0.000732068,0.000729737,0.000754589,0.000748959,0.000747445,0.000378483,0.000370881,0.000371257,0.000582661,0.000571122,0.000579035,0.000296057,0.000289072,0.000291148,0.000475983,0.00047594,0.000473856,0.000236762,0.000240454,0.000241888
625,0.000242411,0.000244565,0.000245417,0.000375803,0.000370117,0.000365513,0.000756913,0.000756816,0.000754219,0.000730652,0.00072498,0.000723002,0.000366498,0.000359303,0.000359327,0.000554931,0.00054456,0.000551506,0.000282175,0.000275688,0.000277986,0.000443296,0.000443623,0.000441328,0.000220366,0.000223933,0.000225354
630,0.000175027,0.000178037,0.000176804,0.000382149,0.000375363,0.00037044,0.000782933,0.000784164,0.000779503,0.000701784,0.000695641,0.000694607,0.000351664,0.000345636,0.000345406,0.000525697,0.000516103,0.00052223,0.000267201,0.000261051,0.000263268,0.000410045,0.000409959,0.000408642,0.000203803,0.000207162,0.000208517
635,0.000100894,0.000100646,0.000103672,0.000384019,0.000377109,0.000371764,0.000811241,0.000811757,0.000806796,0.000670557,0.000664482,0.000663635,0.000335466,0.000329606,0.000329503,0.000494886,0.000486396,0.000491764,0.000251134,0.000245962,0.000248008,0.000376675,0.000376935,0.000376061,0.0001876,0.000190443,0.000192065
640,4.95083E-05,5.04894E-05,4.82553E-05,0.000382,0.000375048,0.000369525,0.000838836,0.000838474,0.000834321,0.000634639,0.000629231,0.000629127,0.000317727,0.000311701,0.000311667,0.00046226,0.000454037,0.000459332,0.000234683,0.000229575,0.000231362,0.000344471,0.000344519,0.000343025,0.000171099,0.000173973,0.000175249
645,4.26055E-05,4.21847E-05,4.40549E-05,0.000375245,0.000368241,0.000362681,0.000864599,0.000864255,0.000860614,0.000594199,0.000589585,0.000589626,0.000297589,0.000291427,0.000292046,0.000427091,0.000419617,0.00042496,0.000216868,0.000212374,0.000213741,0.000311788,0.000311612,0.000309104,0.000154818,0.000157388,0.000158574
650,5.38311E-05,5.40796E-05,5.44529E-05,0.000364427,0.000357262,0.000351863,0.000891533,0.000890228,0.000886695,0.000551111,0.000547191,0.000547392,0.000276324,0.00027021,0.000271055,0.000391047,0.000384356,0.000389652,0.000198751,0.000194958,0.000195851,0.000279645,0.000279361,0.000277438,0.000139032,0.000141285,0.000142533
655,5.42783E-05,5.07728E-05,5.25286E-05,0.000349535,0.000342853,0.000337917,0.000916946,0.000915252,0.000913115,0.000507312,0.000503992,0.000504391,0.000254248,0.000248956,0.000249223,0.000356798,0.000351145,0.000355239,0.000180911,0.000178063,0.000178414,0.000250961,0.000250925,0.000249322,0.000124486,0.000126473,0.000127396
660,4.55953E-05,4.29501E-05,4.25422E-05,0.000331513,0.000325636,0.000320661,0.000942032,0.000940213,0.000938043,0.000464541,0.00046142,0.000460971,0.000232222,0.000227713,0.000227775,0.000323604,0.000317762,0.00032145,0.0001638,0.000161519,0.000162274,0.00022402,0.000224656,0.000223836,0.000111218,0.00011263,0.000113443
665,3.2942E-05,3.59696E-05,3.46162E-05,0.000312066,0.00030633,0.000301447,0.000966893,0.000964898,0.00096193,0.000422957,0.000420683,0.000420206,0.000211382,0.000207789,0.000207787,0.000292664,0.000286239,0.000290857,0.000148029,0.000145986,0.000146762,0.000198676,0.000198987,0.000198858,9.85859E-05,9.9994E-05,0.000100608
670,3.3147E-05,3.19425E-05,3.13591E-05,0.000290565,0.000285787,0.000281171,0.000991766,0.000990256,0.000986445,0.000385367,0.000383217,0.00038326,0.000192455,0.000188968,0.000189101,0.000265227,0.000259106,0.00026311,0.000133852,0.000131686,0.000132611,0.000177721,0.000178253,0.00017732,8.76033E-05,8.90342E-05,8.96182E-05
675,3.41784E-05,3.29899E-05,3.49694E-05,0.000268691,0.000264234,0.000259959,0.001015233,0.001014915,0.001010058,0.000351004,0.000348398,0.000348951,0.000175234,0.000171789,0.000172316,0.000239415,0.000233811,0.000237214,0.000121099,0.000118938,0.000119758,0.000158252,0.000159209,0.000158154,7.80744E-05,7.95526E-05,7.99923E-05
680,2.925E-05,2.99129E-05,3.04284E-05,0.000246022,0.000241526,0.000237753,0.001038855,0.001038512,0.001033323,0.000319091,0.000316464,0.000316555,0.00015912,0.00015581,0.000156106,0.000216244,0.000210378,0.000213854,0.000108887,0.000107368,0.000108275,0.000141575,0.000141729,0.000141211,6.95431E-05,7.0781E-05,7.1339E-05
685,3.52309E-05,3.24436E-05,3.25805E-05,0.000223508,0.000219625,0.000216477,0.001063351,0.001061503,0.001058504,0.000288575,0.000286429,0.000286523,0.000144205,0.000141287,0.000141184,0.000194044,0.000189165,0.000191717,9.78403E-05,9.63525E-05,9.71366E-05,0.000124855,0.000125051,0.000124166,6.15008E-05,6.2653E-05,6.31911E-05
690,2.90796E-05,2.53356E-05,2.6904E-05,0.000200828,0.000197747,0.000194755,0.0010852,0.001083737,0.001081008,0.000258845,0.000257616,0.000257612,0.000129539,0.000126801,0.000126478,0.000172453,0.000168984,0.000171267,8.70159E-05,8.57534E-05,8.64955E-05,0.00010897,0.000109253,0.00010873,5.40662E-05,5.49536E-05,5.53046E-05
695,1.27495E-05,1.7619E-05,1.83562E-05,0.000179242,0.000176748,0.000174169,0.001107544,0.00110717,0.001103254,0.00023167,0.000229886,0.000229771,0.000115372,0.000112842,0.000112692,0.000152734,0.00014989,0.000151565,7.68013E-05,7.61391E-05,7.67932E-05,9.56694E-05,9.61971E-05,9.61649E-05,4.73288E-05,4.784E-05,4.82827E-05
700,2.37833E-05,2.16442E-05,2.45715E-05,0.000159163,0.000157183,0.000155275,0.001131606,0.001132192,0.001127764,0.000204601,0.000203742,0.000204371,0.000101752,9.94866E-05,9.93967E-05,0.000134807,0.000132141,0.000133482,6.7341E-05,6.64343E-05,6.70666E-05,8.41549E-05,8.36439E-05,8.31517E-05,4.06703E-05,4.12621E-05,4.1409E-05
705,5.61584E-05,5.35844E-05,5.56159E-05,0.000140096,0.000138989,0.000137491,0.001155774,0.001157035,0.001152508,0.000178621,0.000178358,0.000179155,8.87921E-05,8.6932E-05,8.66441E-05,0.000117847,0.000114662,0.000116809,5.81216E-05,5.7326E-05,5.81219E-05,7.43342E-05,7.15488E-05,7.11266E-05,3.43732E-05,3.52793E-05,3.50614E-05
710,7.43877E-05,7.70094E-05,7.60063E-05,0.000122749,0.000122082,0.000120912,0.001179915,0.00118192,0.001176175,0.000153599,0.00015272,0.000153694,7.59394E-05,7.4568E-05,7.46627E-05,0.000100502,9.75463E-05,9.89246E-05,4.9139E-05,4.89593E-05,4.97089E-05,6.29657E-05,5.94984E-05,5.96555E-05,2.86272E-05,2.96065E-05,2.93982E-05
715,4.63831E-05,4.32096E-05,4.52106E-05,0.00010681,0.000106417,0.000105699,0.001202547,0.001204903,0.00120037,0.000129776,0.00012881,0.000130081,6.33447E-05,6.27717E-05,6.27378E-05,8.14456E-05,8.18737E-05,8.30315E-05,4.08217E-05,4.10726E-05,4.19936E-05,4.53429E-05,4.90337E-05,4.85041E-05,2.35448E-05,2.40517E-05,2.4538E-05
720,1.47241E-05,1.66355E-05,1.73611E-05,9.33676E-05,9.30011E-05,9.2579E-05,0.001223066,0.001225193,0.001222797,0.000108571,0.00010836,0.000109073,5.25189E-05,5.28052E-05,5.29138E-05,6.76954E-05,6.83454E-05,6.99335E-05,3.44797E-05,3.48902E-05,3.51564E-05,4.07901E-05,4.11554E-05,3.91083E-05,1.89039E-05,1.88423E-05,2.0069E-05
725,8.90203E-06,9.07455E-06,9.2788E-06,8.16257E-05,8.11659E-05,8.06695E-05,0.00124365,0.001246758,0.001242993,9.12704E-05,9.2314E-05,9.17106E-05,4.4576E-05,4.45328E-05,4.47698E-05,5.73375E-05,5.8196E-05,5.96242E-05,2.93581E-05,2.98494E-05,2.95762E-05,3.38228E-05,3.5836E-05,3.32152E-05,1.56907E-05,1.61381E-05,1.58728E-05
730,9.47079E-06,7.32391E-06,6.08938E-06,7.15647E-05,7.17301E-05,7.12676E-05,0.001262526,0.001266354,0.001263232,8.06778E-05,8.12434E-05,8.06944E-05,4.07123E-05,3.90152E-05,3.91747E-05,5.77705E-05,5.29426E-05,5.46563E-05,2.64733E-05,2.70264E-05,2.63958E-05,3.79698E-05,3.33109E-05,3.80593E-05,1.80137E-05,1.80565E-05,1.74308E-05
735,8.23315E-06,8.27342E-06,8.71504E-06,6.31041E-05,6.35152E-05,6.31278E-05,0.001282161,0.001285001,0.001283746,7.37159E-05,7.29402E-05,7.41384E-05,3.59433E-05,3.52704E-05,3.54046E-05,5.18187E-05,4.92615E-05,5.08217E-05,2.41822E-05,2.48427E-05,2.6157E-05,3.44491E-05,3.35017E-05,3.39368E-05,1.58133E-05,1.58993E-05,1.67127E-05
740,1.13948E-05,8.97263E-06,1.15166E-05,5.4316E-05,5.49649E-05,5.51394E-05,0.001301617,0.001305176,0.001301701,6.68732E-05,6.59229E-05,6.81299E-05,2.97744E-05,3.19091E-05,3.18755E-05,4.29092E-05,4.46985E-05,4.49533E-05,2.10742E-05,2.19773E-05,2.22976E-05,2.47067E-05,2.78375E-05,2.70709E-05,1.36483E-05,1.47489E-05,1.48627E-05
745,4.99428E-06,4.77121E-06,6.37001E-06,4.58964E-05,4.67971E-05,4.85371E-05,0.001321191,0.00132653,0.001321308,5.78375E-05,5.73467E-05,6.04301E-05,2.92437E-05,2.80616E-05,2.76037E-05,3.89557E-05,3.87186E-05,3.83082E-05,1.81618E-05,1.9384E-05,1.89818E-05,2.74124E-05,2.7065E-05,2.8016E-05,1.35897E-05,1.30532E-05,1.34144E-05
750,2.18825E-06,1.45714E-06,1.8412E-06,3.84703E-05,3.94749E-05,3.92199E-05,0.001339753,0.0013453,0.00134164,4.02966E-05,4.24765E-05,4.20405E-05,2.06373E-05,2.07753E-05,1.99758E-05,2.92632E-05,3.06047E-05,3.06512E-05,1.4654E-05,1.64574E-05,1.60682E-05,2.45744E-05,2.46811E-05,2.57101E-05,1.08177E-05,1.08231E-05,1.15344E-05
755,1.97553E-05,1.88559E-05,1.9554E-05,3.27334E-05,3.39602E-05,3.44116E-05,0.001356763,0.001363311,0.001358361,4.17355E-05,4.26627E-05,4.17618E-05,1.95517E-05,2.04587E-05,1.98453E-05,2.98405E-05,3.27729E-05,3.45E-05,1.5548E-05,1.74828E-05,1.79766E-05,2.16431E-05,2.48833E-05,2.25108E-05,1.21312E-05,1.33571E-05,1.3068E-05
760,9.22731E-06,1.1514E-05,1.19365E-05,2.7316E-05,2.92576E-05,3.03292E-05,0.001373491,0.001382945,0.00137694,3.71899E-05,3.81547E-05,4.03865E-05,1.89556E-05,1.87955E-05,1.83564E-05,2.72931E-05,2.38809E-05,2.45748E-05,1.05886E-05,1.39282E-05,1.46989E-05,1.99081E-05,1.8406E-05,1.81878E-05,9.44787E-06,9.86936E-06,9.10464E-06
765,3.33302E-06,1.44998E-06,1.19286E-06,2.24385E-05,2.39992E-05,2.4067E-05,0.00138915,0.001396649,0.001392513,2.66503E-05,2.92177E-05,2.91942E-05,1.37372E-05,1.41593E-05,1.40445E-05,2.03593E-05,1.83074E-05,1.4201E-05,8.88401E-06,1.05528E-05,9.45102E-06,1.40237E-05,1.08526E-05,1.46592E-05,6.29238E-06,5.81174E-06,6.21466E-06
770,1.20869E-05,1.22893E-05,1.23289E-05,1.70906E-05,1.91038E-05,1.91981E-05,0.001404855,0.001408688,0.001406317,2.42162E-05,2.01391E-05,2.31573E-05,8.75756E-06,9.98496E-06,1.09471E-05,1.6339E-05,1.64311E-05,1.58757E-05,7.33283E-06,7.89179E-06,7.42888E-06,6.10114E-06,4.74202E-06,5.91379E-06,2.79821E-06,3.48714E-06,5.27658E-06
775,6.91617E-06,7.74603E-06,7.82066E-06,1.64966E-05,1.74774E-05,1.83605E-05,0.001413965,0.001420681,0.001418533,1.90153E-05,2.27298E-05,2.41936E-05,1.14638E-05,1.0304E-05,1.07963E-05,1.42655E-05,9.37951E-06,1.52532E-05,4.32132E-06,8.69263E-06,1.00348E-05,8.71329E-06,1.0418E-05,1.33321E-05,5.05267E-06,6.85088E-06,6.29427E-06
780,3.55945E-07,1.19814E-07,9.1647E-08,1.45612E-05,1.64415E-05,1.67376E-05,0.001414928,0.001430454,0.001426836,1.34036E-05,2.0605E-05,1.7931E-05,1.03031E-05,8.58096E-06,9.05664E-06,7.77317E-06,5.41505E-06,9.96592E-06,3.98146E-06,8.48756E-06,8.29999E-06,9.24308E-06,1.13714E-05,1.22921E-05,5.94776E-06,5.80044E-06,4.6601E-06
